{
  "Use Non-ASCII Font" : false,
  "Tags" : [

  ],
  "Ansi 12 Color" : {
    "Green Component" : 0.4588235294117647,
    "Blue Component" : 0.7803921568627451,
    "Red Component" : 0.1254901960784314
  },
  "Ansi 7 Color" : {
    "Green Component" : 0.8470588326454163,
    "Blue Component" : 0.8509804010391235,
    "Red Component" : 0.8235294222831726
  },
  "Ansi 8 Color" : {
    "Green Component" : 0.1607843190431595,
    "Blue Component" : 0.1647058874368668,
    "Red Component" : 0.1450980454683304
  },
  "Bold Color" : {
    "Green Component" : 0.9264177680015564,
    "Blue Component" : 0.9262101054191589,
    "Red Component" : 0.9262398481369019
  },
  "Ansi 9 Color" : {
    "Green Component" : 0.2823529541492462,
    "Blue Component" : 0.250980406999588,
    "Red Component" : 0.9490196108818054
  },
  "Ansi 4 Color" : {
    "Green Component" : 0.4588235294117647,
    "Blue Component" : 0.7803921568627451,
    "Red Component" : 0.1254901960784314
  },
  "Right Option Key Sends" : 2,
  "Rows" : 25,
  "Default Bookmark" : "No",
  "Cursor Guide Color" : {
    "Red Component" : 0.65,
    "Color Space" : "Calibrated",
    "Blue Component" : 1,
    "Alpha Component" : 0.25,
    "Green Component" : 0.91
  },
  "Non-ASCII Anti Aliased" : true,
  "Use Bright Bold" : true,
  "Ansi 10 Color" : {
    "Green Component" : 0.5882353186607361,
    "Blue Component" : 0.3333333432674408,
    "Red Component" : 0.3843137323856354
  },
  "Ambiguous Double Width" : false,
  "Jobs to Ignore" : [
    "rlogin",
    "ssh",
    "slogin",
    "telnet"
  ],
  "Ansi 15 Color" : {
    "Green Component" : 0.8470588326454163,
    "Blue Component" : 0.8509804010391235,
    "Red Component" : 0.8235294222831726
  },
  "Foreground Color" : {
    "Green Component" : 0.8470588326454163,
    "Blue Component" : 0.8509804010391235,
    "Red Component" : 0.8235294222831726
  },
  "Working Directory" : "\/Users\/rlewis",
  "Blinking Cursor" : true,
  "Disable Window Resizing" : true,
  "Sync Title" : false,
  "Prompt Before Closing 2" : false,
  "BM Growl" : true,
  "Command" : "",
  "Description" : "Default",
  "Mouse Reporting" : true,
  "Screen" : -1,
  "Selection Color" : {
    "Green Component" : 0.2588235437870026,
    "Blue Component" : 0.5137255191802979,
    "Red Component" : 0.1294117718935013
  },
  "Columns" : 80,
  "Idle Code" : 0,
  "Hide After Opening" : false,
  "Ansi 13 Color" : {
    "Green Component" : 0.4980392158031464,
    "Blue Component" : 0.8313725590705872,
    "Red Component" : 0.4745098054409027
  },
  "Custom Command" : "No",
  "ASCII Anti Aliased" : true,
  "Non Ascii Font" : "Monaco 12",
  "Vertical Spacing" : 1,
  "Use Bold Font" : true,
  "Option Key Sends" : 2,
  "Selected Text Color" : {
    "Green Component" : 0.8470588326454163,
    "Blue Component" : 0.8509804010391235,
    "Red Component" : 0.8235294222831726
  },
  "Background Color" : {
    "Green Component" : 0.2470588237047195,
    "Blue Component" : 0.2549019753932953,
    "Red Component" : 0.239215686917305
  },
  "Character Encoding" : 4,
  "Ansi 11 Color" : {
    "Green Component" : 0.5333333611488342,
    "Blue Component" : 0,
    "Red Component" : 0.7137255072593689
  },
  "Use Italic Font" : true,
  "Unlimited Scrollback" : false,
  "Keyboard Map" : {
    "0xf700-0x260000" : {
      "Action" : 10,
      "Text" : "[1;6A"
    },
    "0x37-0x40000" : {
      "Action" : 11,
      "Text" : "0x1f"
    },
    "0x32-0x40000" : {
      "Action" : 11,
      "Text" : "0x00"
    },
    "0xf709-0x20000" : {
      "Action" : 10,
      "Text" : "[17;2~"
    },
    "0xf70c-0x20000" : {
      "Action" : 10,
      "Text" : "[20;2~"
    },
    "0xf729-0x20000" : {
      "Action" : 10,
      "Text" : "[1;2H"
    },
    "0xf72b-0x40000" : {
      "Action" : 10,
      "Text" : "[1;5F"
    },
    "0xf705-0x20000" : {
      "Action" : 10,
      "Text" : "[1;2Q"
    },
    "0xf703-0x260000" : {
      "Action" : 10,
      "Text" : "[1;6C"
    },
    "0xf700-0x220000" : {
      "Action" : 10,
      "Text" : "[1;2A"
    },
    "0x66-0x80000" : {
      "Text" : "f",
      "Action" : 10
    },
    "0x38-0x40000" : {
      "Action" : 11,
      "Text" : "0x7f"
    },
    "0x33-0x40000" : {
      "Action" : 11,
      "Text" : "0x1b"
    },
    "0xf703-0x220000" : {
      "Action" : 10,
      "Text" : "[1;2C"
    },
    "0xf701-0x240000" : {
      "Action" : 10,
      "Text" : "[1;5B"
    },
    "0x62-0x80000" : {
      "Text" : "b",
      "Action" : 10
    },
    "0xf70d-0x20000" : {
      "Action" : 10,
      "Text" : "[21;2~"
    },
    "0xf702-0x260000" : {
      "Action" : 10,
      "Text" : "[1;6D"
    },
    "0xf729-0x40000" : {
      "Action" : 10,
      "Text" : "[1;5H"
    },
    "0xf706-0x20000" : {
      "Action" : 10,
      "Text" : "[1;2R"
    },
    "0x34-0x40000" : {
      "Action" : 11,
      "Text" : "0x1c"
    },
    "0x2d-0x40000" : {
      "Action" : 11,
      "Text" : "0x1f"
    },
    "0xf70e-0x20000" : {
      "Action" : 10,
      "Text" : "[23;2~"
    },
    "0xf702-0x220000" : {
      "Action" : 10,
      "Text" : "[1;2D"
    },
    "0xf703-0x280000" : {
      "Text" : "f",
      "Action" : 10
    },
    "0xf707-0x20000" : {
      "Action" : 10,
      "Text" : "[1;2S"
    },
    "0xf700-0x240000" : {
      "Action" : 10,
      "Text" : "[1;5A"
    },
    "0xf70a-0x20000" : {
      "Action" : 10,
      "Text" : "[18;2~"
    },
    "0x35-0x40000" : {
      "Action" : 11,
      "Text" : "0x1d"
    },
    "0xf70f-0x20000" : {
      "Action" : 10,
      "Text" : "[24;2~"
    },
    "0xf703-0x240000" : {
      "Action" : 10,
      "Text" : "[1;5C"
    },
    "0xf701-0x260000" : {
      "Action" : 10,
      "Text" : "[1;6B"
    },
    "0xf702-0x280000" : {
      "Text" : "b",
      "Action" : 10
    },
    "0xf72b-0x20000" : {
      "Action" : 10,
      "Text" : "[1;2F"
    },
    "0x36-0x40000" : {
      "Action" : 11,
      "Text" : "0x1e"
    },
    "0xf708-0x20000" : {
      "Action" : 10,
      "Text" : "[15;2~"
    },
    "0xf70b-0x20000" : {
      "Action" : 10,
      "Text" : "[19;2~"
    },
    "0xf701-0x220000" : {
      "Action" : 10,
      "Text" : "[1;2B"
    },
    "0xf702-0x240000" : {
      "Action" : 10,
      "Text" : "[1;5D"
    },
    "0xf704-0x20000" : {
      "Action" : 10,
      "Text" : "[1;2P"
    }
  },
  "Window Type" : 2,
  "Blink Allowed" : false,
  "Cursor Type" : 2,
  "Background Image Location" : "\/Users\/rlewis\/Downloads\/mbadolato-iTerm2-Color-Schemes-2505e91\/backgrounds\/solarized_darcula.jpg",
  "Blur" : false,
  "Badge Color" : {
    "Red Component" : 1,
    "Color Space" : "Calibrated",
    "Blue Component" : 0,
    "Alpha Component" : 0.5,
    "Green Component" : 0
  },
  "Scrollback Lines" : 1000,
  "Send Code When Idle" : false,
  "Close Sessions On End" : true,
  "Terminal Type" : "xterm-256color",
  "Visual Bell" : true,
  "Flashing Bell" : false,
  "Silence Bell" : false,
  "Ansi 14 Color" : {
    "Green Component" : 0.5882353186607361,
    "Blue Component" : 0.5529412031173706,
    "Red Component" : 0.08235294371843338
  },
  "Name" : "Default",
  "Cursor Text Color" : {
    "Green Component" : 0.155759260058403,
    "Blue Component" : 0.1937013864517212,
    "Red Component" : 0
  },
  "Shortcut" : "",
  "Cursor Color" : {
    "Green Component" : 0.5096293091773987,
    "Blue Component" : 0.5168579816818237,
    "Red Component" : 0.4405802488327026
  },
  "Transparency" : 0.1403545673076923,
  "Guid" : "FC4980F4-EA7C-43C1-BDF5-BEC264C91F28",
  "Horizontal Spacing" : 1,
  "Link Color" : {
    "Red Component" : 0.023,
    "Color Space" : "Calibrated",
    "Blue Component" : 0.678,
    "Alpha Component" : 1,
    "Green Component" : 0.27
  },
  "Custom Directory" : "No",
  "Ansi 5 Color" : {
    "Green Component" : 0.4980392158031464,
    "Blue Component" : 0.8313725590705872,
    "Red Component" : 0.4745098054409027
  },
  "Ansi 6 Color" : {
    "Green Component" : 0.5882353186607361,
    "Blue Component" : 0.5529412031173706,